T0239653F,Faris Yazid,M,JC,faris@gmail.com
T0087544E,Solihin ,M,JC,solihin@gmail.com
T0091786E,Ong Jing Hern,M,JC,jinghern@gmail.com
T0054520H,Chang Yen,M,JC,chang@gmail.com
T0237401Z,Dylan Yeo,M,JC,dylan@gmail.com
T0046040G,Jurina Cheong,F,JC,jurina@gfail.cof
T0233475A,Justin Hwang,M,JC,justin@gmail.com
T0198016A,Harith Dinie,M,JC,harith@gmail.com
T0100580J,Tan Ming Zhe,M,JC,mingzhe@gmail.com
T0227267E,Kenneth Tan,M,JC,kenneth@gmail.com
T0100087F,Jie Jun,M,JC,jie@gmail.com
T0111109J,Ding Hao,M,JC,ding@gmail.com
T0041611D,Charlene Powers,F,JC,charlene@gfail.cof
T0183665F,Chris Garcia,M,JC,chris@gmail.com
T0281718C,Gordon Gross,M,JC,gordon@gmail.com
T0098864I,Kristen Reid,F,JC,kristen@gfail.cof
T0214866D,Rochelle Jones,F,JC,rochelle@gfail.cof
T0089762G,Leland Walters,F,JC,leland@gfail.cof
T0228312Z,Ernestine Alvarado,M,JC,ernestine@gmail.com
T0205813D,Brett Howell,M,JC,brett@gmail.com
T0206166F,Cameron Sims,M,JC,cameron@gmail.com
T0071625H,Zachary Moran,M,JC,zachary@gmail.com
T0248620I,Wendy Beck,F,JC,wendy@gfail.cof
T0074042F,Joy Thompson,F,JC,joy@gfail.cof
T0102644A,Nicole Doyle,F,JC,nicole@gfail.cof
T0185023C,Carlos Simon,M,JC,carlos@gmail.com
T0090472J,Lena Rodriquez,F,JC,lena@gfail.cof
T0158379J,Wilson Burgess,M,JC,wilson@gmail.com
T0085185F,Gilberto Ferguson,M,JC,gilberto@gmail.com
T0056728G,Justin Cohen,M,JC,justin@gmail.com
T0084406Z,Kristy Lim,F,JC,kristy@gfail.cof
T0239655B,Fazli Yazid,M,JC,fazli@gmail.com
T0053324B,Albert Parker,M,JC,albert@gmail.com
T0156999B,Martha Rogers,F,JC,martha@gfail.cof
T0258491Z,Sean Clark,M,JC,sean@gmail.com
T0207770H,Henry Lee,M,JC,henry@gmail.com
T0071989C,Beverly Thomas,F,JC,beverly@gfail.cof
T0277310J,Brenda Stewart,F,JC,brenda@gfail.cof
T0009851A,Michael Flores,F,JC,michael@gfail.cof
T0251460A,Louise Wilson,M,JC,louise@gmail.com
T0242740G,Deborah Smith,F,JC,deborah@gfail.cof
T0087376J,John Murphy,M,JC,john@gmail.com
T0069273A,Christina Edwards,F,JC,christina@gfail.cof
T0056266H,Diana Adams,F,JC,diana@gfail.cof
T0251063J,Amy Anderson,F,JC,amy@gfail.cof
T0290810C,Daniel Martin,M,JC,daniel@gmail.com
T0000303J,Frances Campbell,M,JC,frances@gmail.com
T0160014H,Nicholas Bailey,M,JC,nicholas@gmail.com
T0105816E,Adam Sanchez,M,JC,adam@gmail.com
T0114414B,Alan Roberts,M,JC,alan@gmail.com
T0077250F,Jonathan Thompson,M,JC,jonathan@gmail.com
T0064462A,Denise Baker,F,JC,denise@gfail.cof
T0098741C,Ruby Taylor,F,JC,ruby@gfail.cof
T0278265G,Juan James,M,JC,juan@gmail.com
T0027260J,Joe Watson,F,JC,joe@gfail.cof
T0298959F,Bobby Turner,M,JC,bobby@gmail.com
T0286104B,Ernest Butler,M,JC,ernest@gmail.com
T0114372C,Kimberly Price,F,JC,kimberly@gfail.cof
T0064799Z,Carlos Ramirez,M,JC,carlos@gmail.com
T0103384G,Stephen Gonzales,M,JC,stephen@gmail.com
T0195790I,Sandra Nelson,F,JC,sandra@gfail.cof
T0059539F,Randy Russell,M,JC,randy@gmail.com
T0246662C,Helen Washington,F,JC,helen@gfail.cof
T0136441Z,Roger Moore,M,JC,roger@gmail.com
T0149166G,Larry Rodriguez,M,JC,larry@gmail.com
T0054505D,Wayne Scott,M,JC,wayne@gmail.com
T0148493H,Marilyn Simmons,F,JC,marilyn@gfail.cof
T0191047C,Katherine Griffin,F,JC,katherine@gfail.cof
T0045380Z,Pamela Jones,F,JC,pamela@gfail.cof
T0268270I,Billy Coleman,M,JC,billy@gmail.com
T0106916G,David Jenkins,M,JC,david@gmail.com
T0211786F,Mark Alexander,M,JC,mark@gmail.com
T0146341H,Lillian Howard,M,JC,lillian@gmail.com
T0250692G,Patricia Lewis,F,JC,patricia@gfail.cof
T0174370D,Betty Rivera,F,JC,betty@gfail.cof
T0232097A,Rachel Brooks,F,JC,rachel@gfail.cof
T0274415A,Fred Henderson,M,JC,fred@gmail.com
T0099198D,Stephanie Kelly,F,JC,stephanie@gfail.cof
T0121806E,Jack Bell,M,JC,jack@gmail.com
T0022769I,Andrea Richardson,F,JC,andrea@gfail.cof
T0178485J,Donna Garcia,F,JC,donna@gfail.cof
T0016772F,Joseph Harris,M,JC,joseph@gmail.com
T0280162G,Lawrence Mitchell,M,JC,lawrence@gmail.com
T0199873G,Paul Young,M,JC,paul@gmail.com
T0246893F,Anne Cooper,F,JC,anne@gfail.cof
T0102907F,Anthony Bennett,M,JC,anthony@gmail.com
T0151219B,Debra Perez,F,JC,debra@gfail.cof
T0132868E,Edward Phillips,M,JC,edward@gmail.com
T0066022H,Catherine Ward,F,JC,catherine@gfail.cof
T0177851F,Willie Wright,M,JC,willie@gmail.com
T0238136I,Donald Gonzalez,M,JC,donald@gmail.com
T0051001C,Anna Johnson,F,JC,anna@gfail.cof
T0065105I,Theresa Powell,F,JC,theresa@gfail.cof
T0289383A,Tina Ross,F,JC,tina@gfail.cof
T0145052I,Martin Williams,M,JC,martin@gmail.com
T0168329I,Lori Evans,F,JC,lori@gfail.cof
T0132369A,Steven Hernandez,M,JC,steven@gmail.com
T0049662B,Karen Hughes,F,JC,karen@gfail.cof
T0227657C,Maria Carter,F,JC,maria@gfail.cof
T0042974G,Jennifer Collins,F,JC,jennifer@gfail.cof
T0150861F,Alice Miller,F,JC,alice@gfail.cof
T0059046G,Christine Torres,F,JC,christine@gfail.cof
T0094271A,Walter Long,M,JC,walter@gmail.com
T0184746A,Joyce Morris,F,JC,joyce@gfail.cof
T0205658A,Julie King,F,JC,julie@gfail.cof
T0169218B,Virginia Gray,F,JC,virginia@gfail.cof
T0058755E,Gary Cook,M,JC,gary@gmail.com
T0167407I,Robert Diaz,M,JC,robert@gmail.com
T0282602F,Irene Perry,F,JC,irene@gfail.cof
T0220702D,Carolyn Lopez,F,JC,carolyn@gfail.cof
T0053002B,Evelyn Morgan,F,JC,evelyn@gfail.cof
T0269820F,Howard Brown,M,JC,howard@gmail.com
T0217601C,Dennis Patterson,M,JC,dennis@gmail.com
T0274031H,Ralph Peterson,M,JC,ralph@gmail.com
T0130939G,Judith Cox,M,JC,judith@gmail.com
T0213170B,Matthew White,M,JC,matthew@gmail.com
T0196621E,Keith Jackson,M,JC,keith@gmail.com
T0183410F,Michelle Hall,M,JC,michelle@gmail.com
T0286832B,Cynthia Davis,F,JC,cynthia@gfail.cof
T0184360A,Amanda White,F,JC,amanda@gfail.cof
T0291235F,Ernest Simmons,M,JC,ernest@gmail.com
T0052860E,Debra Torres,F,JC,debra@gfail.cof
T0268605D,Doris Butler,F,JC,doris@gfail.cof
T0103322G,Diana Barnes,F,JC,diana@gfail.cof
T0144164C,Virginia Green,F,JC,virginia@gfail.cof
T0070780A,Elizabeth Howard,F,JC,elizabeth@gfail.cof
T0121114A,Martha Carter,F,JC,martha@gfail.cof
T0223949Z,Adam Ross,M,JC,adam@gmail.com
T0076095H,Amy Perez,F,JC,amy@gfail.cof
T0298001G,Martin Brown,M,JC,martin@gmail.com
T0185718A,Pamela Hall,F,JC,pamela@gfail.cof
T0198999A,Kathy Griffin,F,JC,kathy@gfail.cof
T0159686H,Helen Young,F,JC,helen@gfail.cof
T0129063G,Anna Thomas,F,JC,anna@gfail.cof
T0440247I,Danie Irsyad,M,SEC,danie@gmail.com
T0480027Z,Inez Ong,F,SEC,inez@gfail.cof
T0343002I,Ashvin Sakthi Vale,M,SEC,ashvin@gmail.com
T0386163A,Adhvaith Ravilla,M,SEC,adhvaith@gmail.com
T0300055E,Lutfil Hadi,M,SEC,lutfil@gmail.com
T0336706H,Jason Ong,M,SEC,jason@gmail.com
T0374341H,Celeste Tan,F,SEC,celeste@gfail.cof
T0369700I,Rachel Sim,F,SEC,rachel@gfail.cof
T0339392A,Hong Shern,M,SEC,hong@gmail.com
T0398027D,Jordan Tan,M,SEC,jordan@gmail.com
T0464661J,Farhan Yazid,M,SEC,farhan@gmail.com
T0451615F,David Tan,M,SEC,david@gmail.com
T0417360G,Sean Ng,M,SEC,sean@gmail.com
T0347600B,Florence Freeman,F,SEC,florence@gfail.cof
T0432732I,Alex Bennett,M,SEC,alex@gmail.com
T0466423F,Pamela Daniels,F,SEC,pamela@gfail.cof
T0446787B,Elvira Floyd,F,SEC,elvira@gfail.cof
T0347950H,Guy Sandoval,M,SEC,guy@gmail.com
T0415238C,Desiree Ortiz,M,SEC,desiree@gmail.com
T0428498J,Felipe Schneider,M,SEC,felipe@gmail.com
T0394612B,Johnny Smith,M,SEC,johnny@gmail.com
T0486933D,William Rivera,M,SEC,william@gmail.com
T0472183C,Linda Bell,F,SEC,linda@gfail.cof
T0382290C,Carol James,F,SEC,carol@gfail.cof
T0380749A,Jesse Bailey,M,SEC,jesse@gmail.com
T0346943Z,Jack Bryant,M,SEC,jack@gmail.com
T0311565D,Samuel Henderson,M,SEC,samuel@gmail.com
T0352422H,Justin Thompson,M,SEC,justin@gmail.com
T0375173I,Mildred Young,M,SEC,mildred@gmail.com
T0428459Z,Douglas Coleman,M,SEC,douglas@gmail.com
T0315245B,Joyce Ward,F,SEC,joyce@gfail.cof
T0420095G,Roger Adams,M,SEC,roger@gmail.com
T0400585B,Edward Anderson,M,SEC,edward@gmail.com
T0469814I,Margaret Richardson,F,SEC,margaret@gfail.cof
T0427566C,Carlos Bennett,M,SEC,carlos@gmail.com
T0456173I,Ann Hall,F,SEC,ann@gfail.cof
T0399952H,Diane Cox,F,SEC,diane@gfail.cof
T0470327D,Teresa Foster,F,SEC,teresa@gfail.cof
T0360016A,Shawn Brooks,M,SEC,shawn@gmail.com
T0339976H,Ernest Williams,M,SEC,ernest@gmail.com
T0370584B,George Jenkins,M,SEC,george@gmail.com
T0416731C,Benjamin King,M,SEC,benjamin@gmail.com
T0475052C,Frances Diaz,M,SEC,frances@gmail.com
T0414405D,Jessica Wright,F,SEC,jessica@gfail.cof
T0323770I,Donald Wood,M,SEC,donald@gmail.com
T0318964Z,Kenneth Scott,M,SEC,kenneth@gmail.com
T0311463A,Aaron Turner,M,SEC,aaron@gmail.com
T0412643I,Ronald Cook,M,SEC,ronald@gmail.com
T0335003C,Eugene Hernandez,M,SEC,eugene@gmail.com
T0385717J,Catherine Peterson,F,SEC,catherine@gfail.cof
T0397413D,Mark Reed,M,SEC,mark@gmail.com
T0325649E,Chris Phillips,M,SEC,chris@gmail.com
T0488317E,Annie Thomas,F,SEC,annie@gfail.cof
T0439557Z,Robert Sanders,M,SEC,robert@gmail.com
T0356804G,Kimberly Walker,F,SEC,kimberly@gfail.cof
T0495425J,Ralph Patterson,M,SEC,ralph@gmail.com
T0487431A,Randy Roberts,M,SEC,randy@gmail.com
T0478576I,Alice Evans,F,SEC,alice@gfail.cof
T0468915H,Sandra Green,F,SEC,sandra@gfail.cof
T0314361E,Janice Jackson,F,SEC,janice@gfail.cof
T0427157I,Louise Washington,M,SEC,louise@gmail.com
T0411475I,Sara Long,F,SEC,sara@gfail.cof
T0457484I,Jose Murphy,M,SEC,jose@gmail.com
T0332230G,Steve Sanchez,M,SEC,steve@gmail.com
T0470311H,Matthew Johnson,M,SEC,matthew@gmail.com
T0439814E,Krish Patel,M,SEC,krish@gmail.com
T0423542D,Alvin Seville,M,SEC,alvin@gmail.com
