M01,Mathilda Gabrielle,95880982,mathilda@gmail.com
M02,Renee Milly,84414535,renee@gmail.com
M03,Rose Magdalene,85885879,rose@gmail.com
M04,Jess Jonathan,97213229,jess@gmail.com
P01,Quinton Delia,85077235,quinton@gmail.com
P02,Harris Todd,94321526,harris@gmail.com
P03,Sabrina Alys,94322385,sabrina@gmail.com
P04,Kev Guy,96978611,kev@gmail.com
P05,Clint Cash,95399391,clint@gmail.com
C01,Morgan Clement,85956980,morgan@gmail.com
C02,Julianne Charlene,98009780,julianne@gmail.com
C03,Samuel Orval,98836354,samuel@gmail.com
C04,Chris Randi,93441428,chris@gmail.com
C05,Janet Chesley,91835649,janet@gmail.com
B01,Steve Campbell,84445574,steve@gmail.com
B02,Earl Adams,93442322,earl@gmail.com
B03,Bobby Bryant,85292751,bobby@gmail.com
B04,Lori Walker,86250199,lori@gmail.com
B05,Dorothy Bailey,80994943,dorothy@gmail.com
E01,Aaron Cooper,81702119,aaron@gmail.com
