M01,Mathilda Gabrielle,95880982,mathilda@gmail.com
M02,Renee Milly,84414535,renee@gmail.com
M03,Rose Magdalene,85885879,rose@gmail.com
M04,Jess Jonathan,97213229,jess@gmail.com
P01,Oliver Deana,84445574,oliver@gmail.com
P02,Esme Justina,93442322,esme@gmail.com
P03,Issy Mitchell,85292751,issy@gmail.com
P04,Jacquelyn Parker,86250199,jacquelyn@gmail.com
C01,Quinton Delia,85077235,quinton@gmail.com
C02,Harris Todd,94321526,harris@gmail.com
C03,Sabrina Alys,94322385,sabrina@gmail.com
C04,Kev Guy,96978611,kev@gmail.com
B01,Clint Cash,95399391,clint@gmail.com
B02,Cherish Alice,80994943,cherish@gmail.com
B03,Morgan Clement,85956980,morgan@gmail.com
B04,Julianne Charlene,98009780,julianne@gmail.com
E01,Samuel Orval,98836354,samuel@gmail.com
E02,Chris Randi,93441428,chris@gmail.com
